Workbook

Sheet Orders_Raw
A1: OrderID | B1: OrderDate | C1: CustomerName | D1: CustomerEmail | E1: CustomerPhone | F1: Product | G1: Category | H1: UnitPrice | I1: Quantity | J1: SalesRep | K1: Region | L1: TotalAmount | M1: CustomerID | N1: ProductID
A2: O1004 | B2: 2026-01-10 | C2: Noah Patel | D2: noah.patel@example.com | E2: 615-555-0188 | F2: HDMI Adapter | G2: Accessories | H2: 18.5 | I2: 3 | J2: Zoe | K2: East | L2: =H2*I2 -> 55.5 | M2: =IFERROR(_xludf.XLOOKUP(D2,Customers!$C:$C,Customers!$A:$A),"Not Found") -> Not Found | N2: =IFERROR(_xludf.XLOOKUP(F2,Products!$B:$B,Products!$A:$A),"Not Found") -> Not Found
A3: O1012 | B3: 2026-01-13 | C3: Liam Brown | D3: liam.brown@example.com | E3: 615-555-0145 | F3: HDMI Adapter | G3: Accessories | H3: 18.5 | I3: 2 | J3: John | K3: West | L3: =H3*I3 -> 37 | M3: =IFERROR(_xludf.XLOOKUP(D3,Customers!$C:$C,Customers!$A:$A),"Not Found") -> Not Found | N3: =IFERROR(_xludf.XLOOKUP(F3,Products!$B:$B,Products!$A:$A),"Not Found") -> Not Found
A4: O1005 | B4: 2026-01-10 | C4: Ava Chen | D4: ava.chen@example.com | E4: 615-555-0133 | F4: Keyboard | G4: Accessories | H4: 49.99 | I4: 1 | J4: Mia | K4: South | L4: =H4*I4 -> 49.99 | M4: =IFERROR(_xludf.XLOOKUP(D4,Customers!$C:$C,Customers!$A:$A),"Not Found") -> Not Found | N4: =IFERROR(_xludf.XLOOKUP(F4,Products!$B:$B,Products!$A:$A),"Not Found") -> Not Found
A5: O1009 | B5: 2026-01-12 | C5: John Lee | D5: john.lee@example.com | E5: 615-555-0107 | F5: Keyboard | G5: Accessories | H5: 49.99 | I5: 2 | J5: Mia | K5: East | L5: =H5*I5 -> 99.98 | M5: =IFERROR(_xludf.XLOOKUP(D5,Customers!$C:$C,Customers!$A:$A),"Not Found") -> Not Found | N5: =IFERROR(_xludf.XLOOKUP(F5,Products!$B:$B,Products!$A:$A),"Not Found") -> Not Found
A6: O1003 | B6: 2026-01-09 | C6: John Lee | D6: john.lee@example.com | E6: 615-555-0101 | F6: Laptop Stand | G6: Accessories | H6: 39.99 | I6: 1 | J6: John | K6: North | L6: =H6*I6 -> 39.99 | M6: =IFERROR(_xludf.XLOOKUP(D6,Customers!$C:$C,Customers!$A:$A),"Not Found") -> Not Found | N6: =IFERROR(_xludf.XLOOKUP(F6,Products!$B:$B,Products!$A:$A),"Not Found") -> Not Found
A7: O1010 | B7: 2026-01-12 | C7: Olivia Martin | D7: olivia.martin@example.com | E7: 615-555-0166 | F7: Laptop Stand | G7: Accessories | H7: 39.99 | I7: 2 | J7: John | K7: South | L7: =H7*I7 -> 79.98 | M7: =IFERROR(_xludf.XLOOKUP(D7,Customers!$C:$C,Customers!$A:$A),"Not Found") -> Not Found | N7: =IFERROR(_xludf.XLOOKUP(F7,Products!$B:$B,Products!$A:$A),"Not Found") -> Not Found
A8: O1007 | B8: 2026-01-11 | C8: Sophia Davis | D8: sophia.davis@example.com | E8: 615-555-0199 | F8: Monitor 24in | G8: Hardware | H8: 149.99 | I8: 1 | J8: Zoe | K8: North | L8: =H8*I8 -> 149.99 | M8: =IFERROR(_xludf.XLOOKUP(D8,Customers!$C:$C,Customers!$A:$A),"Not Found") -> Not Found | N8: =IFERROR(_xludf.XLOOKUP(F8,Products!$B:$B,Products!$A:$A),"Not Found") -> Not Found
A9: O1011 | B9: 2026-01-13 | C9: Noah Patel | D9: noah.patel@example.com | E9: 615-555-0188 | F9: Monitor 24in | G9: Hardware | H9: 149.99 | I9: 1 | J9: Zoe | K9: East | L9: =H9*I9 -> 149.99 | M9: =IFERROR(_xludf.XLOOKUP(D9,Customers!$C:$C,Customers!$A:$A),"Not Found") -> Not Found | N9: =IFERROR(_xludf.XLOOKUP(F9,Products!$B:$B,Products!$A:$A),"Not Found") -> Not Found
A10: O1015 | B10: 2026-01-15 | C10: Olivia Martin | D10: olivia.martin@example.com | E10: 615-555-0166 | F10: Monitor 24in | G10: Hardware | H10: 149.99 | I10: 2 | J10: Zoe | K10: South | L10: =H10*I10 -> 299.98 | M10: =IFERROR(_xludf.XLOOKUP(D10,Customers!$C:$C,Customers!$A:$A),"Not Found") -> Not Found | N10: =IFERROR(_xludf.XLOOKUP(F10,Products!$B:$B,Products!$A:$A),"Not Found") -> Not Found
A11: O1013 | B11: 2026-01-14 | C11: Sophia Davis | D11: sophia.davis@example.com | E11: 615-555-0199 | F11: USB Hub | G11: Accessories | H11: 29.99 | I11: 1 | J11: Mia | K11: North | L11: =H11*I11 -> 29.99 | M11: =IFERROR(_xludf.XLOOKUP(D11,Customers!$C:$C,Customers!$A:$A),"Not Found") -> Not Found | N11: =IFERROR(_xludf.XLOOKUP(F11,Products!$B:$B,Products!$A:$A),"Not Found") -> Not Found
A12: O1014 | B12: 2026-01-14 | C12: Emma Wilson | D12: emma.wilson@example.com | E12: 615-555-0112 | F12: USB Hub | G12: Accessories | H12: 29.99 | I12: 3 | J12: John | K12: North | L12: =H12*I12 -> 89.97 | M12: =IFERROR(_xludf.XLOOKUP(D12,Customers!$C:$C,Customers!$A:$A),"Not Found") -> Not Found | N12: =IFERROR(_xludf.XLOOKUP(F12,Products!$B:$B,Products!$A:$A),"Not Found") -> Not Found
A13: O1001 | B13: 2026-01-08 | C13: John Lee | D13: john.lee@example.com | E13: 615-555-0101 | F13: USB-C Cable | G13: Accessories | H13: 12.99 | I13: 4 | J13: John | K13: North | L13: =H13*I13 -> 51.96 | M13: =IFERROR(_xludf.XLOOKUP(D13,Customers!$C:$C,Customers!$A:$A),"Not Found") -> Not Found | N13: =IFERROR(_xludf.XLOOKUP(F13,Products!$B:$B,Products!$A:$A),"Not Found") -> Not Found
... A17: O1006 | B17: 2026-01-11 | C17: Liam Brown | D17: liam.brown@example.com | E17: 615-555-0145 | F17: Wireless Mouse | G17: Accessories | H17: 22.99 | I17: 1 | J17: John | K17: West | L17: =H17*I17 -> 22.99 | M17: =IFERROR(_xludf.XLOOKUP(D17,Customers!$C:$C,Customers!$A:$A),"Not Found") -> Not Found | N17: =IFERROR(_xludf.XLOOKUP(F17,Products!$B:$B,Products!$A:$A),"Not Found") -> Not Found

Sheet Customers
A1: CustomerID | B1: CustomerName | C1: CustomerEmail | D1: CustomerPhone
A2: C001 | B2: John Lee | C2: john.lee@example.com | D2: 615-555-0101
A3: C002 | B3: Ava Chen | C3: ava.chen@example.com | D3: 615-555-0133
A4: C003 | B4: Noah Patel | C4: noah.patel@example.com | D4: 615-555-0188
A5: C004 | B5: Liam Brown | C5: liam.brown@example.com | D5: 615-555-0145
A6: C005 | B6: Sophia Davis | C6: sophia.davis@example.com | D6: 615-555-0199
A7: C006 | B7: Emma Wilson | C7: emma.wilson@example.com | D7: 615-555-0112
A8: C007 | B8: Olivia Martin | C8: olivia.martin@example.com | D8: 615-555-0166

Sheet Products
A1: ProductID | B1: Product | C1: Category | D1: UnitPrice
A2: P001 | B2: USB-C Cable | C2: Accessories | D2: 12.99
A3: P002 | B3: Wireless Mouse | C3: Accessories | D3: 24.99
A4: P003 | B4: Laptop Stand | C4: Accessories | D4: 39.99
A5: P004 | B5: HDMI Adapter | C5: Accessories | D5: 18.5
A6: P005 | B6: Keyboard | C6: Accessories | D6: 49.99
A7: P006 | B7: Monitor 24in | C7: Hardware | D7: 149.99
A8: P007 | B8: USB Hub | C8: Accessories | D8: 29.99
